mean_fit_time,std_fit_time,mean_score_time,std_score_time,param_max_depth,param_max_features,param_min_samples_split,param_n_estimators,params,split0_test_score,split1_test_score,split2_test_score,split3_test_score,split4_test_score,mean_test_score,std_test_score,rank_test_score
0.20522079467773438,0.019037046878257267,0.011519384384155274,0.001537299558304647,15,sqrt,12,121,"{'max_depth': 15, 'max_features': 'sqrt', 'min_samples_split': 12, 'n_estimators': 121}",0.9581699346405229,0.9581699346405229,0.9153439153439153,0.9581699346405229,1.0,0.9579707438530969,0.02677171608964413,2
0.24407238960266114,0.008157468972877597,0.012111663818359375,0.0022245871834952694,,sqrt,8,171,"{'max_depth': None, 'max_features': 'sqrt', 'min_samples_split': 8, 'n_estimators': 171}",0.9581699346405229,0.9581699346405229,0.9153439153439153,0.9581699346405229,1.0,0.9579707438530969,0.02677171608964413,2
0.33435535430908203,0.0046448892470245294,0.015450048446655273,0.0019258822874461629,10,sqrt,12,252,"{'max_depth': 10, 'max_features': 'sqrt', 'min_samples_split': 12, 'n_estimators': 252}",0.9581699346405229,0.9581699346405229,0.9153439153439153,0.9581699346405229,1.0,0.9579707438530969,0.02677171608964413,2
0.26891398429870605,0.011932931670138234,0.01529083251953125,0.0025689803301913445,,log2,9,201,"{'max_depth': None, 'max_features': 'log2', 'min_samples_split': 9, 'n_estimators': 201}",0.9581699346405229,0.9581699346405229,0.9153439153439153,0.9581699346405229,1.0,0.9579707438530969,0.02677171608964413,2
0.06972432136535645,0.0025589316930205506,0.005772209167480469,0.001559941018049887,10,log2,6,51,"{'max_depth': 10, 'max_features': 'log2', 'min_samples_split': 6, 'n_estimators': 51}",0.9581699346405229,0.9581699346405229,0.9153439153439153,0.9581699346405229,1.0,0.9579707438530969,0.02677171608964413,2
0.2579638004302979,0.01474123761363927,0.011661958694458009,0.0017527369848663677,15,log2,7,179,"{'max_depth': 15, 'max_features': 'log2', 'min_samples_split': 7, 'n_estimators': 179}",0.9581699346405229,0.9581699346405229,0.9153439153439153,0.9581699346405229,1.0,0.9579707438530969,0.02677171608964413,2
0.36601963043212893,0.00889052688502352,0.018285560607910156,0.002719987215728241,15,sqrt,2,253,"{'max_depth': 15, 'max_features': 'sqrt', 'min_samples_split': 2, 'n_estimators': 253}",0.9581699346405229,0.9581699346405229,0.9153439153439153,0.9581699346405229,1.0,0.9579707438530969,0.02677171608964413,2
0.4077932834625244,0.017089352464293262,0.015086841583251954,0.00208094737029527,5,log2,14,285,"{'max_depth': 5, 'max_features': 'log2', 'min_samples_split': 14, 'n_estimators': 285}",0.9581699346405229,0.9581699346405229,0.9153439153439153,0.9581699346405229,1.0,0.9579707438530969,0.02677171608964413,2
0.1620858669281006,0.009660204983060123,0.00844259262084961,0.001033259387647198,3,sqrt,12,108,"{'max_depth': 3, 'max_features': 'sqrt', 'min_samples_split': 12, 'n_estimators': 108}",0.9581699346405229,0.9581699346405229,0.9153439153439153,0.9581699346405229,1.0,0.9579707438530969,0.02677171608964413,2
0.31540584564208984,0.005840270257161678,0.01449122428894043,0.0013924764447740675,5,log2,13,237,"{'max_depth': 5, 'max_features': 'log2', 'min_samples_split': 13, 'n_estimators': 237}",0.9581699346405229,0.9581699346405229,0.9153439153439153,0.9581699346405229,1.0,0.9579707438530969,0.02677171608964413,2
0.39428229331970216,0.00994078990314054,0.017016077041625978,0.0019729087293624582,10,log2,8,293,"{'max_depth': 10, 'max_features': 'log2', 'min_samples_split': 8, 'n_estimators': 293}",0.9581699346405229,0.9581699346405229,0.9153439153439153,0.9581699346405229,1.0,0.9579707438530969,0.02677171608964413,2
0.14079155921936035,0.005343104174158061,0.007937955856323241,0.0009210414706144052,3,sqrt,6,100,"{'max_depth': 3, 'max_features': 'sqrt', 'min_samples_split': 6, 'n_estimators': 100}",1.0,0.9581699346405229,0.9153439153439153,0.9581699346405229,1.0,0.9663367569249923,0.03162306668752773,1
0.0987703800201416,0.005445881691404342,0.006617879867553711,0.0014410335252017612,,sqrt,8,67,"{'max_depth': None, 'max_features': 'sqrt', 'min_samples_split': 8, 'n_estimators': 67}",0.9581699346405229,0.9581699346405229,0.9153439153439153,0.9581699346405229,1.0,0.9579707438530969,0.02677171608964413,2
0.08959097862243652,0.00361353547890444,0.006576347351074219,0.00047350271709702135,15,sqrt,13,63,"{'max_depth': 15, 'max_features': 'sqrt', 'min_samples_split': 13, 'n_estimators': 63}",0.9581699346405229,0.9581699346405229,0.9153439153439153,0.9581699346405229,1.0,0.9579707438530969,0.02677171608964413,2
0.19162631034851074,0.006973344268134154,0.009512805938720703,0.0018295339177337112,5,log2,10,139,"{'max_depth': 5, 'max_features': 'log2', 'min_samples_split': 10, 'n_estimators': 139}",0.9581699346405229,0.9581699346405229,0.9153439153439153,0.9581699346405229,1.0,0.9579707438530969,0.02677171608964413,2
0.19313783645629884,0.003678067300276158,0.009988975524902344,0.0017015168902522638,,log2,5,141,"{'max_depth': None, 'max_features': 'log2', 'min_samples_split': 5, 'n_estimators': 141}",0.9581699346405229,0.9581699346405229,0.9153439153439153,0.9581699346405229,1.0,0.9579707438530969,0.02677171608964413,2
0.07749762535095214,0.002647563305925264,0.006563997268676758,0.0006708672563504631,15,sqrt,13,57,"{'max_depth': 15, 'max_features': 'sqrt', 'min_samples_split': 13, 'n_estimators': 57}",0.9581699346405229,0.9581699346405229,0.9153439153439153,0.9581699346405229,1.0,0.9579707438530969,0.02677171608964413,2
0.2780941963195801,0.004267071397957598,0.013693141937255859,0.0018162806373798865,10,log2,2,213,"{'max_depth': 10, 'max_features': 'log2', 'min_samples_split': 2, 'n_estimators': 213}",0.9581699346405229,0.9581699346405229,0.9153439153439153,0.9581699346405229,1.0,0.9579707438530969,0.02677171608964413,2
0.07267003059387207,0.002449391883568062,0.005456972122192383,0.0013816223267313684,5,log2,5,51,"{'max_depth': 5, 'max_features': 'log2', 'min_samples_split': 5, 'n_estimators': 51}",0.9581699346405229,0.9581699346405229,0.9153439153439153,0.9581699346405229,1.0,0.9579707438530969,0.02677171608964413,2
0.3503292083740234,0.008320893647104376,0.015131473541259766,0.0023518693586446968,5,log2,7,270,"{'max_depth': 5, 'max_features': 'log2', 'min_samples_split': 7, 'n_estimators': 270}",0.9581699346405229,0.9581699346405229,0.9153439153439153,0.9581699346405229,1.0,0.9579707438530969,0.02677171608964413,2
0.27394704818725585,0.002837403931401481,0.012345361709594726,0.001704889642252602,5,log2,13,211,"{'max_depth': 5, 'max_features': 'log2', 'min_samples_split': 13, 'n_estimators': 211}",0.9581699346405229,0.9581699346405229,0.9153439153439153,0.9581699346405229,1.0,0.9579707438530969,0.02677171608964413,2
0.08513903617858887,0.002691486306437351,0.006571388244628907,0.0009148399882154371,5,log2,5,63,"{'max_depth': 5, 'max_features': 'log2', 'min_samples_split': 5, 'n_estimators': 63}",0.9581699346405229,0.9581699346405229,0.9153439153439153,0.9581699346405229,1.0,0.9579707438530969,0.02677171608964413,2
0.3437225818634033,0.007526694163619142,0.01580219268798828,0.002054636157320871,15,sqrt,9,262,"{'max_depth': 15, 'max_features': 'sqrt', 'min_samples_split': 9, 'n_estimators': 262}",0.9581699346405229,0.9581699346405229,0.9153439153439153,0.9581699346405229,1.0,0.9579707438530969,0.02677171608964413,2
0.09831471443176269,0.003143301788452131,0.006593179702758789,0.0007937762301547163,,log2,6,73,"{'max_depth': None, 'max_features': 'log2', 'min_samples_split': 6, 'n_estimators': 73}",0.9581699346405229,0.9581699346405229,0.9153439153439153,0.9581699346405229,1.0,0.9579707438530969,0.02677171608964413,2
0.3079821586608887,0.007073027594226598,0.012774801254272461,0.002953903546678111,5,sqrt,13,237,"{'max_depth': 5, 'max_features': 'sqrt', 'min_samples_split': 13, 'n_estimators': 237}",0.9581699346405229,0.9581699346405229,0.9153439153439153,0.9581699346405229,1.0,0.9579707438530969,0.02677171608964413,2
0.2724617004394531,0.004947427179339988,0.01357264518737793,0.0017695863130395362,15,sqrt,10,206,"{'max_depth': 15, 'max_features': 'sqrt', 'min_samples_split': 10, 'n_estimators': 206}",0.9581699346405229,0.9581699346405229,0.9153439153439153,0.9581699346405229,1.0,0.9579707438530969,0.02677171608964413,2
0.16008663177490234,0.004460852707918753,0.008816719055175781,0.001520872291753902,,sqrt,10,120,"{'max_depth': None, 'max_features': 'sqrt', 'min_samples_split': 10, 'n_estimators': 120}",0.9581699346405229,0.9581699346405229,0.9153439153439153,0.9581699346405229,1.0,0.9579707438530969,0.02677171608964413,2
0.3648488521575928,0.005800409659315264,0.013996219635009766,0.002431896361969412,3,log2,2,285,"{'max_depth': 3, 'max_features': 'log2', 'min_samples_split': 2, 'n_estimators': 285}",0.9581699346405229,0.9581699346405229,0.9153439153439153,0.9581699346405229,1.0,0.9579707438530969,0.02677171608964413,2
0.2411651611328125,0.002391062456267722,0.01234898567199707,0.0009522209131300148,10,sqrt,2,185,"{'max_depth': 10, 'max_features': 'sqrt', 'min_samples_split': 2, 'n_estimators': 185}",0.9581699346405229,0.9581699346405229,0.9153439153439153,0.9581699346405229,1.0,0.9579707438530969,0.02677171608964413,2
0.17182612419128418,0.04060981291063262,0.008522653579711914,0.0033199744407722193,10,sqrt,2,172,"{'max_depth': 10, 'max_features': 'sqrt', 'min_samples_split': 2, 'n_estimators': 172}",0.9581699346405229,0.9581699346405229,0.9153439153439153,0.9581699346405229,1.0,0.9579707438530969,0.02677171608964413,2
